[
  {"name":"select","title":"Select", "id":"select", "sortable": false, "data-sorting":false, "style":{"maxWidth":150,"margin-left": "20px"}, "data-expanded":"true", "data-type":"html"},
  {"name":"name","title":"Name", "id":"name", "sortable": true, "data-sorting":true,"data-sort-initial":true,"data-direction":"ASC","style":{"maxWidth":300}},
  {"name":"uname","title":"User Name", "id":"taxId", "sortable": true, "data-sorting":true,"style":{"maxWidth":200}},
  {"name":"role","title":"Role", "id":"role", "sortable": true, "data-sorting":true,"style":{"maxWidth":200}},
  {"name":"email","title":"Email Address", "id":"email", "sortable": true, "data-sorting":true,"style":{"maxWidth":300}}
  ]
