{
  "numofpreferences":"6",
  "levelone": [
    {
      "id": "111",
      "value": "123456879",
      "status": "WARNING",
      "statusdescription": "One or more NPIs not related to the Tax ID",
      "modifiedby": "Joshi, Shweta",
      "modifiedon": "01/05/2016",
      "recipients": [],
      "leveltwo": [
        {
          "id": "221",
          "value": "123454579",
          "status": "WARNING",
          "statusdescription": "One or more NPIs not related to the Tax ID",
          "modifiedby": "XYZ",
          "modifiedon": "03/08/2017",
          "recipients": [],
          "levelthree": [
            {
              "id": "331",
              "value": "123454580",
              "status": "ONHOLD",
              "statusdescription": "Tax ID not found in Organization",
              "modifiedby": "XYZ",
              "modifiedon": "03/08/2017",
              "recipients": [
                {
                  "id": "101",
                  "name": "ABC",
                  "userid": "avabcuser",
                  "akaname": "akaABC",
                  "email": "abc@anthem.com",
                  "mobileno": "1234567890",
                  "status": "OK",
                  "statusdescription": "OK"
                }
              ]
            }, {
              "id": "332",
              "value": "123454581",
              "status": "OK",
              "statusdescription": "OK",
              "modifiedby": "Datar, Pranav",
              "modifiedon": "03/08/2017",
              "recipients": [
                {
                  "id": "102",
                  "name": "XYZ",
                  "userid": "avXYZuser",
                  "akaname": "akaXYZ",
                  "email": "xyz@anthem.com",
                  "mobileno": "1234567890",
                  "status": "ONHOLD",
                  "statusdescription": "Email has changed"
                }
              ]
            }
          ]
        }, {
          "id": "222",
          "value": "123454580",
          "status": "ONHOLD",
          "statusdescription": "Tax ID not found in Organization",
          "modifiedby": "Rath, Sushant",
          "modifiedon": "03/08/2017",
          "recipients": [],
          "levelthree": [
            {
              "id": "333",
              "value": "123454588",
              "status": "ONHOLD",
              "statusdescription": "Tax ID not found in Organization",
              "modifiedby": "XYZ",
              "modifiedon": "03/08/2017",
              "recipients": [
                {
                  "id": "101",
                  "name": "ABC",
                  "userid": "avabcuser",
                  "akaname": "akaABC",
                  "email": "abc@anthem.com",
                  "mobileno": "1234567890",
                  "status": "OK",
                  "statusdescription": "OK"
                }
              ]
            }, {
              "id": "334",
              "value": "123454589",
              "status": "OK",
              "statusdescription": "OK",
              "modifiedby": "Dubey, Pooja",
              "modifiedon": "03/08/2017",
              "recipients": [
                {
                  "id": "102",
                  "name": "XYZ",
                  "userid": "avXYZuser",
                  "akaname": "akaXYZ",
                  "email": "xyz@anthem.com",
                  "mobileno": "1234567890",
                  "status": "ONHOLD",
                  "statusdescription": "Email has changed"
                }
              ]
            }
          ]
        }
      ]
    }, {
      "id": "112",
      "value": "123456880",
      "status": "OK",
      "statusdescription": "OK",
      "modifiedby": "Swamy, Prashant",
      "modifiedon": "01/05/2011",
      "recipients": [],
      "leveltwo": []
    },
    {
      "id": "113",
      "value": "123456888",
      "status": "OK",
      "statusdescription": "OK",
      "modifiedby": "Mahindrakar, Akash",
      "modifiedon": "01/06/2017",
      "recipients": [],
      "leveltwo": []
    },
    {
      "id": "114",
      "value": "123456881",
      "status": "OK",
      "statusdescription": "OK",
      "modifiedby": "Dubey, Pooja",
      "modifiedon": "01/05/2017",
      "recipients": [],
      "leveltwo": []
    },
    {
      "id": "112",
      "value": "123456882",
      "status": "OK",
      "statusdescription": "OK",
      "modifiedby": "Datar, Pranav",
      "modifiedon": "01/06/2013",
      "recipients": [],
      "leveltwo": []
    },
    {
      "id": "112",
      "value": "123456883",
      "status": "OK",
      "statusdescription": "OK",
      "modifiedby": "Jogdand, Arpita",
      "modifiedon": "01/15/2015",
      "recipients": [],
      "leveltwo": []
    },
    {
      "id": "112",
      "value": "123456884",
      "status": "OK",
      "statusdescription": "OK",
      "modifiedby": "ABCDEF",
      "modifiedon": "01/05/2017",
      "recipients": [],
      "leveltwo": []
    },
    {
      "id": "112",
      "value": "123456885",
      "status": "OK",
      "statusdescription": "OK",
      "modifiedby": "ABCDEF",
      "modifiedon": "01/05/2017",
      "recipients": [],
      "leveltwo": []
    },
    {
      "id": "112",
      "value": "123456880",
      "status": "OK",
      "statusdescription": "OK",
      "modifiedby": "ABCDEF",
      "modifiedon": "01/05/2017",
      "recipients": [],
      "leveltwo": []
    },
    {
      "id": "112",
      "value": "123456886",
      "status": "OK",
      "statusdescription": "OK",
      "modifiedby": "ABCDEF",
      "modifiedon": "01/05/2017",
      "recipients": [],
      "leveltwo": []
    },
    {
      "id": "112",
      "value": "123456887",
      "status": "OK",
      "statusdescription": "OK",
      "modifiedby": "ABCDEF",
      "modifiedon": "01/05/2017",
      "recipients": [],
      "leveltwo": []
    }
  ]
}
