{
  "links" : {
    "patients" : {
      "href" : "https://t14-apps.availity.com/api/sdk/platform/v1/patients?organizationId=115141"
    },
    "self" : {
      "href" : "https://t14-apps.availity.com/api/sdk/platform/v1/organizations/115141"
    },
    "admin" : {
      "href" : "https://t14-apps.availity.com/api/sdk/platform/v1/users/jbtest002"
    },
    "businessArrangements" : {
      "href" : "https://t14-apps.availity.com/api/sdk/platform/v1/business-arrangements?organizationId=115141"
    },
    "users" : {
      "href" : "https://t14-apps.availity.com/api/sdk/platform/v1/users?organizationId=115141"
    }
  },
  "id" : "115141",
  "customerId" : "250992",
  "name" : "Anthem Test Org",
  "status" : "Live",
  "statusCode" : "3",
  "types" : [ {
    "code" : "9",
    "value" : "Payer"
  } ],
  "primaryControllingAuthority" : {
    "lastName" : "Byrd",
    "firstName" : "James",
    "primaryPhone" : "8046782007",
    "email" : "James.Byrd@anthem.com"
  },
  "physicalAddress" : {
    "line1" : "2 new yory street",
    "city" : "NY",
    "state" : "New York",
    "stateCode" : "NY",
    "zipCode" : "450011986"
  },
  "mailingAddress" : {
    "line1" : "2 new yory street",
    "city" : "NY",
    "state" : "New York",
    "stateCode" : "NY",
    "zipCode" : "450011986"
  },
  "billingAddress" : {
    "line1" : "2 new yory street",
    "city" : "NY",
    "state" : "New York",
    "stateCode" : "NY",
    "zipCode" : "450011986"
  },
  "regions" : [ {
    "code" : "KY",
    "value" : "Kentucky"
  }, {
    "code" : "WI",
    "value" : "Wisconsin"
  }, {
    "code" : "MO",
    "value" : "Missouri"
  }, {
    "code" : "OH",
    "value" : "Ohio"
  }, {
    "code" : "IN",
    "value" : "Indiana"
  }, {
    "code" : "NY",
    "value" : "New York"
  }, {
    "code" : "CA",
    "value" : "California"
  }, {
    "code" : "NH",
    "value" : "New Hampshire"
  }, {
    "code" : "GA",
    "value" : "Georgia"
  }, {
    "code" : "CO",
    "value" : "Colorado"
  }, {
    "code" : "CT",
    "value" : "Connecticut"
  }, {
    "code" : "NV",
    "value" : "Nevada"
  }, {
    "code" : "ME",
    "value" : "Maine"
  } ],
  "npis" : [ {
    "number" : "1700950060"
  } ],
  "taxIds" : [ {
    "number" : "311079309",
    "type" : "E"
  }, {
    "number" : "260784917",
    "type" : "ALTTAX"
  }, {
    "number" : "931284533",
    "type" : "ALTTAX"
  }, {
    "number" : "731034824",
    "type" : "ALTTAX"
  }, {
    "number" : "383740839",
    "type" : "ALTTAX"
  }, {
    "number" : "450413089",
    "type" : "ALTTAX"
  }, {
    "number" : "470376604",
    "type" : "ALTTAX"
  }, {
    "number" : "474717998",
    "type" : "ALTTAX"
  }, {
    "number" : "410695596",
    "type" : "ALTTAX"
  }, {
    "number" : "381357020",
    "type" : "ALTTAX"
  }, {
    "number" : "362179779",
    "type" : "ALTTAX"
  }, {
    "number" : "826000924",
    "type" : "ALTTAX"
  }, {
    "number" : "621266047",
    "type" : "ALTTAX"
  }, {
    "number" : "912151670",
    "type" : "ALTTAX"
  }, {
    "number" : "510069243",
    "type" : "ALTTAX"
  }, {
    "number" : "621668434",
    "type" : "ALTTAX"
  }, {
    "number" : "860797917",
    "type" : "ALTTAX"
  }, {
    "number" : "631041806",
    "type" : "ALTTAX"
  }, {
    "number" : "431041516",
    "type" : "ALTTAX"
  }, {
    "number" : "940562680",
    "type" : "ALTTAX"
  }, {
    "number" : "113412370",
    "type" : "ALTTAX"
  }, {
    "number" : "310893325",
    "type" : "ALTTAX"
  }, {
    "number" : "550420956",
    "type" : "ALTTAX"
  }, {
    "number" : "010646166",
    "type" : "ALTTAX"
  }, {
    "number" : "453123110",
    "type" : "ALTTAX"
  }, {
    "number" : "263349654",
    "type" : "ALTTAX"
  }, {
    "number" : "550761505",
    "type" : "ALTTAX"
  }, {
    "number" : "611000033",
    "type" : "ALTTAX"
  }, {
    "number" : "350868157",
    "type" : "ALTTAX"
  }, {
    "number" : "232722876",
    "type" : "ALTTAX"
  }, {
    "number" : "356006595",
    "type" : "ALTTAX"
  }, {
    "number" : "311508944",
    "type" : "ALTTAX"
  }, {
    "number" : "320373216",
    "type" : "ALTTAX"
  }, {
    "number" : "202989436",
    "type" : "ALTTAX"
  }, {
    "number" : "610598543",
    "type" : "ALTTAX"
  }, {
    "number" : "200994452",
    "type" : "ALTTAX"
  }, {
    "number" : "125547859",
    "type" : "ALTTAX"
  }, {
    "number" : "020739682",
    "type" : "ALTTAX"
  }, {
    "number" : "010894487",
    "type" : "ALTTAX"
  }, {
    "number" : "943149578",
    "type" : "ALTTAX"
  }, {
    "number" : "020456218",
    "type" : "ALTTAX"
  }, {
    "number" : "020458960",
    "type" : "ALTTAX"
  }, {
    "number" : "061466555",
    "type" : "ALTTAX"
  }, {
    "number" : "061613357",
    "type" : "ALTTAX"
  }, {
    "number" : "061469068",
    "type" : "ALTTAX"
  }, {
    "number" : "061473383",
    "type" : "ALTTAX"
  }, {
    "number" : "010399595",
    "type" : "ALTTAX"
  }, {
    "number" : "222519596",
    "type" : "ALTTAX"
  }, {
    "number" : "061450168",
    "type" : "ALTTAX"
  }, {
    "number" : "546001796",
    "type" : "ALTTAX"
  }, {
    "number" : "472937730",
    "type" : "ALTTAX"
  }, {
    "number" : "131740114",
    "type" : "ALTTAX"
  }, {
    "number" : "131623978",
    "type" : "ALTTAX"
  }, {
    "number" : "331032321",
    "type" : "ALTTAX"
  }, {
    "number" : "135596796",
    "type" : "ALTTAX"
  }, {
    "number" : "061379945",
    "type" : "ALTTAX"
  }, {
    "number" : "061330992",
    "type" : "ALTTAX"
  }, {
    "number" : "060646755",
    "type" : "ALTTAX"
  }, {
    "number" : "060646668",
    "type" : "ALTTAX"
  }, {
    "number" : "010211534",
    "type" : "ALTTAX"
  }, {
    "number" : "010179500",
    "type" : "ALTTAX"
  }, {
    "number" : "061147494",
    "type" : "ALTTAX"
  }, {
    "number" : "721321625",
    "type" : "ALTTAX"
  }, {
    "number" : "710862119",
    "type" : "ALTTAX"
  }, {
    "number" : "088469763",
    "type" : "ALTTAX"
  }, {
    "number" : "061566218",
    "type" : "ALTTAX"
  }, {
    "number" : "061107019",
    "type" : "ALTTAX"
  }, {
    "number" : "061069723",
    "type" : "ALTTAX"
  }, {
    "number" : "061063613",
    "type" : "ALTTAX"
  }, {
    "number" : "061060258",
    "type" : "ALTTAX"
  }, {
    "number" : "061050677",
    "type" : "ALTTAX"
  }, {
    "number" : "204540091",
    "type" : "ALTTAX"
  }, {
    "number" : "066000798",
    "type" : "ALTTAX"
  }, {
    "number" : "060646597",
    "type" : "ALTTAX"
  }, {
    "number" : "060646554",
    "type" : "ALTTAX"
  }, {
    "number" : "020324948",
    "type" : "ALTTAX"
  }, {
    "number" : "010284446",
    "type" : "ALTTAX"
  }, {
    "number" : "103247267",
    "type" : "ALTTAX"
  }, {
    "number" : "061460613",
    "type" : "ALTTAX"
  }, {
    "number" : "010177170",
    "type" : "ALTTAX"
  }, {
    "number" : "582569828",
    "type" : "ALTTAX"
  }, {
    "number" : "262896224",
    "type" : "ALTTAX"
  }, {
    "number" : "113820645",
    "type" : "ALTTAX"
  }, {
    "number" : "562383667",
    "type" : "ALTTAX"
  }, {
    "number" : "205917127",
    "type" : "ALTTAX"
  }, {
    "number" : "351843016",
    "type" : "ALTTAX"
  }, {
    "number" : "351889460",
    "type" : "ALTTAX"
  }, {
    "number" : "203524133",
    "type" : "ALTTAX"
  }, {
    "number" : "351462910",
    "type" : "ALTTAX"
  }, {
    "number" : "310672132",
    "type" : "ALTTAX"
  }, {
    "number" : "311493673",
    "type" : "ALTTAX"
  }, {
    "number" : "311398575",
    "type" : "ALTTAX"
  }, {
    "number" : "391221714",
    "type" : "ALTTAX"
  }, {
    "number" : "463756713",
    "type" : "ALTTAX"
  }, {
    "number" : "061457427",
    "type" : "ALTTAX"
  }, {
    "number" : "060863598",
    "type" : "ALTTAX"
  }, {
    "number" : "223766116",
    "type" : "ALTTAX"
  }, {
    "number" : "112937992",
    "type" : "ALTTAX"
  }, {
    "number" : "111631746",
    "type" : "ALTTAX"
  }, {
    "number" : "204269186",
    "type" : "ALTTAX"
  }, {
    "number" : "223316007",
    "type" : "ALTTAX"
  }, {
    "number" : "270901316",
    "type" : "ALTTAX"
  }, {
    "number" : "270493210",
    "type" : "ALTTAX"
  }, {
    "number" : "310537122",
    "type" : "ALTTAX"
  }, {
    "number" : "431332368",
    "type" : "ALTTAX"
  }, {
    "number" : "370661172",
    "type" : "ALTTAX"
  }, {
    "number" : "431771217",
    "type" : "ALTTAX"
  }, {
    "number" : "060646715",
    "type" : "ALTTAX"
  }, {
    "number" : "205133557",
    "type" : "ALTTAX"
  }, {
    "number" : "222519813",
    "type" : "ALTTAX"
  }, {
    "number" : "050539357",
    "type" : "ALTTAX"
  }, {
    "number" : "043314093",
    "type" : "ALTTAX"
  }, {
    "number" : "141338310",
    "type" : "ALTTAX"
  }, {
    "number" : "134012629",
    "type" : "ALTTAX"
  }, {
    "number" : "141829866",
    "type" : "ALTTAX"
  }, {
    "number" : "141338471",
    "type" : "ALTTAX"
  }, {
    "number" : "047604266",
    "type" : "ALTTAX"
  }, {
    "number" : "061520109",
    "type" : "ALTTAX"
  }, {
    "number" : "061570351",
    "type" : "ALTTAX"
  }, {
    "number" : "390807236",
    "type" : "ALTTAX"
  }, {
    "number" : "390830664",
    "type" : "ALTTAX"
  }, {
    "number" : "390806181",
    "type" : "ALTTAX"
  }, {
    "number" : "391696443",
    "type" : "ALTTAX"
  }, {
    "number" : "310538525",
    "type" : "ALTTAX"
  }, {
    "number" : "311479038",
    "type" : "ALTTAX"
  }, {
    "number" : "264796525",
    "type" : "ALTTAX"
  }, {
    "number" : "264796559",
    "type" : "ALTTAX"
  }, {
    "number" : "272450963",
    "type" : "ALTTAX"
  }, {
    "number" : "464440245",
    "type" : "ALTTAX"
  }, {
    "number" : "264686185",
    "type" : "ALTTAX"
  }, {
    "number" : "200873587",
    "type" : "ALTTAX"
  }, {
    "number" : "611197638",
    "type" : "ALTTAX"
  }, {
    "number" : "610654587",
    "type" : "ALTTAX"
  }, {
    "number" : "383644548",
    "type" : "ALTTAX"
  }, {
    "number" : "270326744",
    "type" : "ALTTAX"
  }, {
    "number" : "208259455",
    "type" : "ALTTAX"
  }, {
    "number" : "351183155",
    "type" : "ALTTAX"
  }, {
    "number" : "260143823",
    "type" : "ALTTAX"
  }, {
    "number" : "020222140",
    "type" : "ALTTAX"
  }, {
    "number" : "386006309",
    "type" : "ALTTAX"
  }, {
    "number" : "946000505",
    "type" : "ALTTAX"
  }, {
    "number" : "841597440",
    "type" : "ALTTAX"
  }, {
    "number" : "840404384",
    "type" : "ALTTAX"
  }, {
    "number" : "350913537",
    "type" : "ALTTAX"
  }, {
    "number" : "340714585",
    "type" : "ALTTAX"
  }, {
    "number" : "610878231",
    "type" : "ALTTAX"
  }, {
    "number" : "611604897",
    "type" : "ALTTAX"
  }, {
    "number" : "430653611",
    "type" : "ALTTAX"
  }, {
    "number" : "431784536",
    "type" : "ALTTAX"
  }, {
    "number" : "431741457",
    "type" : "ALTTAX"
  }, {
    "number" : "391806261",
    "type" : "ALTTAX"
  }, {
    "number" : "391678306",
    "type" : "ALTTAX"
  }, {
    "number" : "391943214",
    "type" : "ALTTAX"
  }, {
    "number" : "942401940",
    "type" : "ALTTAX"
  }, {
    "number" : "200186413",
    "type" : "ALTTAX"
  }, {
    "number" : "251838458",
    "type" : "ALTTAX"
  }, {
    "number" : "204329658",
    "type" : "ALTTAX"
  }, {
    "number" : "840563230",
    "type" : "ALTTAX"
  }, {
    "number" : "956000944",
    "type" : "ALTTAX"
  }, {
    "number" : "580656907",
    "type" : "ALTTAX"
  }, {
    "number" : "581835134",
    "type" : "ALTTAX"
  }, {
    "number" : "940000003",
    "type" : "ALTTAX"
  }, {
    "number" : "330108261",
    "type" : "ALTTAX"
  }, {
    "number" : "330112414",
    "type" : "ALTTAX"
  }, {
    "number" : "237064656",
    "type" : "ALTTAX"
  }, {
    "number" : "120000000",
    "type" : "ALTTAX"
  }, {
    "number" : "559459120",
    "type" : "ALTTAX"
  }, {
    "number" : "061216029",
    "type" : "ALTTAX"
  }, {
    "number" : "010479601",
    "type" : "ALTTAX"
  }, {
    "number" : "049642333",
    "type" : "ALTTAX"
  }, {
    "number" : "026000618",
    "type" : "ALTTAX"
  }, {
    "number" : "061439934",
    "type" : "ALTTAX"
  }, {
    "number" : "061467801",
    "type" : "ALTTAX"
  }, {
    "number" : "061623189",
    "type" : "ALTTAX"
  }, {
    "number" : "061065050",
    "type" : "ALTTAX"
  }, {
    "number" : "371437344",
    "type" : "ALTTAX"
  }, {
    "number" : "262965955",
    "type" : "ALTTAX"
  }, {
    "number" : "010211494",
    "type" : "ALTTAX"
  }, {
    "number" : "161387862",
    "type" : "ALTTAX"
  }, {
    "number" : "020277508",
    "type" : "ALTTAX"
  }, {
    "number" : "112833758",
    "type" : "ALTTAX"
  }, {
    "number" : "452548322",
    "type" : "ALTTAX"
  }, {
    "number" : "141834454",
    "type" : "ALTTAX"
  }, {
    "number" : "611661781",
    "type" : "ALTTAX"
  }, {
    "number" : "113349250",
    "type" : "ALTTAX"
  }, {
    "number" : "113023313",
    "type" : "ALTTAX"
  }, {
    "number" : "651172365",
    "type" : "ALTTAX"
  }, {
    "number" : "093763342",
    "type" : "ALTTAX"
  }, {
    "number" : "061551211",
    "type" : "ALTTAX"
  }, {
    "number" : "020507791",
    "type" : "ALTTAX"
  }, {
    "number" : "020523146",
    "type" : "ALTTAX"
  }, {
    "number" : "020470410",
    "type" : "ALTTAX"
  }, {
    "number" : "010211503",
    "type" : "ALTTAX"
  }, {
    "number" : "016000044",
    "type" : "ALTTAX"
  }, {
    "number" : "010378156",
    "type" : "ALTTAX"
  }, {
    "number" : "010510040",
    "type" : "ALTTAX"
  }, {
    "number" : "010452682",
    "type" : "ALTTAX"
  }, {
    "number" : "010484903",
    "type" : "ALTTAX"
  }, {
    "number" : "760448802",
    "type" : "ALTTAX"
  }, {
    "number" : "010351743",
    "type" : "ALTTAX"
  }, {
    "number" : "010530517",
    "type" : "ALTTAX"
  }, {
    "number" : "010531143",
    "type" : "ALTTAX"
  }, {
    "number" : "010212444",
    "type" : "ALTTAX"
  }, {
    "number" : "010329670",
    "type" : "ALTTAX"
  }, {
    "number" : "010494363",
    "type" : "ALTTAX"
  }, {
    "number" : "010700396",
    "type" : "ALTTAX"
  }, {
    "number" : "061487582",
    "type" : "ALTTAX"
  }, {
    "number" : "208906852",
    "type" : "ALTTAX"
  }, {
    "number" : "044460873",
    "type" : "ALTTAX"
  }, {
    "number" : "061137531",
    "type" : "ALTTAX"
  }, {
    "number" : "060871319",
    "type" : "ALTTAX"
  }, {
    "number" : "061444093",
    "type" : "ALTTAX"
  }, {
    "number" : "061474898",
    "type" : "ALTTAX"
  }, {
    "number" : "060989158",
    "type" : "ALTTAX"
  }, {
    "number" : "141789555",
    "type" : "ALTTAX"
  }, {
    "number" : "141831922",
    "type" : "ALTTAX"
  }, {
    "number" : "135564934",
    "type" : "ALTTAX"
  }, {
    "number" : "042103611",
    "type" : "ALTTAX"
  }, {
    "number" : "010246804",
    "type" : "ALTTAX"
  }, {
    "number" : "042704686",
    "type" : "ALTTAX"
  }, {
    "number" : "042893917",
    "type" : "ALTTAX"
  }, {
    "number" : "311737300",
    "type" : "ALTTAX"
  }, {
    "number" : "010212435",
    "type" : "ALTTAX"
  }, {
    "number" : "472332747",
    "type" : "ALTTAX"
  }, {
    "number" : "208957434",
    "type" : "ALTTAX"
  }, {
    "number" : "331080070",
    "type" : "ALTTAX"
  }, {
    "number" : "956000930",
    "type" : "ALTTAX"
  }, {
    "number" : "946036494",
    "type" : "ALTTAX"
  }, {
    "number" : "146013200",
    "type" : "ALTTAX"
  }, {
    "number" : "060855842",
    "type" : "ALTTAX"
  }, {
    "number" : "135562308",
    "type" : "ALTTAX"
  }, {
    "number" : "840900073",
    "type" : "ALTTAX"
  }, {
    "number" : "200051537",
    "type" : "ALTTAX"
  }, {
    "number" : "061499341",
    "type" : "ALTTAX"
  }, {
    "number" : "222594672",
    "type" : "ALTTAX"
  }, {
    "number" : "020339119",
    "type" : "ALTTAX"
  }, {
    "number" : "020314423",
    "type" : "ALTTAX"
  }, {
    "number" : "020222122",
    "type" : "ALTTAX"
  }, {
    "number" : "020222152",
    "type" : "ALTTAX"
  }, {
    "number" : "020315693",
    "type" : "ALTTAX"
  }, {
    "number" : "020222791",
    "type" : "ALTTAX"
  }, {
    "number" : "060646973",
    "type" : "ALTTAX"
  }, {
    "number" : "060646652",
    "type" : "ALTTAX"
  }, {
    "number" : "060665979",
    "type" : "ALTTAX"
  }, {
    "number" : "403412699",
    "type" : "ALTTAX"
  }, {
    "number" : "060876818",
    "type" : "ALTTAX"
  }, {
    "number" : "010321993",
    "type" : "ALTTAX"
  }, {
    "number" : "841335382",
    "type" : "ALTTAX"
  }, {
    "number" : "943281660",
    "type" : "ALTTAX"
  }, {
    "number" : "204124842",
    "type" : "ALTTAX"
  }, {
    "number" : "043179927",
    "type" : "ALTTAX"
  }, {
    "number" : "161533811",
    "type" : "ALTTAX"
  }, {
    "number" : "550483245",
    "type" : "ALTTAX"
  }, {
    "number" : "510196935",
    "type" : "ALTTAX"
  }, {
    "number" : "880397351",
    "type" : "ALTTAX"
  }, {
    "number" : "840864756",
    "type" : "ALTTAX"
  }, {
    "number" : "956006143",
    "type" : "ALTTAX"
  }, {
    "number" : "954804506",
    "type" : "ALTTAX"
  }, {
    "number" : "953660276",
    "type" : "ALTTAX"
  }, {
    "number" : "951647809",
    "type" : "ALTTAX"
  }, {
    "number" : "274084620",
    "type" : "ALTTAX"
  }, {
    "number" : "133908662",
    "type" : "ALTTAX"
  }, {
    "number" : "133757370",
    "type" : "ALTTAX"
  }, {
    "number" : "141348692",
    "type" : "ALTTAX"
  }, {
    "number" : "465223267",
    "type" : "ALTTAX"
  }, {
    "number" : "264021950",
    "type" : "ALTTAX"
  }, {
    "number" : "043625400",
    "type" : "ALTTAX"
  }, {
    "number" : "431936696",
    "type" : "ALTTAX"
  }, {
    "number" : "260719967",
    "type" : "ALTTAX"
  }, {
    "number" : "133903003",
    "type" : "ALTTAX"
  }, {
    "number" : "061585163",
    "type" : "ALTTAX"
  }, {
    "number" : "410714079",
    "type" : "ALTTAX"
  }, {
    "number" : "942347424",
    "type" : "ALTTAX"
  }, {
    "number" : "954582920",
    "type" : "ALTTAX"
  }, {
    "number" : "611273766",
    "type" : "ALTTAX"
  }, {
    "number" : "113255130",
    "type" : "ALTTAX"
  }, {
    "number" : "010606457",
    "type" : "ALTTAX"
  }, {
    "number" : "010602658",
    "type" : "ALTTAX"
  }, {
    "number" : "010576229",
    "type" : "ALTTAX"
  }, {
    "number" : "010570160",
    "type" : "ALTTAX"
  }, {
    "number" : "521477694",
    "type" : "ALTTAX"
  }, {
    "number" : "942237424",
    "type" : "ALTTAX"
  }, {
    "number" : "680040504",
    "type" : "ALTTAX"
  }, {
    "number" : "486045904",
    "type" : "ALTTAX"
  }, {
    "number" : "481151382",
    "type" : "ALTTAX"
  }, {
    "number" : "481020227",
    "type" : "ALTTAX"
  }, {
    "number" : "371158318",
    "type" : "ALTTAX"
  }, {
    "number" : "392724573",
    "type" : "ALTTAX"
  }, {
    "number" : "311104019",
    "type" : "ALTTAX"
  }, {
    "number" : "310554071",
    "type" : "ALTTAX"
  }, {
    "number" : "390964813",
    "type" : "ALTTAX"
  }, {
    "number" : "391287112",
    "type" : "ALTTAX"
  }, {
    "number" : "440577118",
    "type" : "ALTTAX"
  }, {
    "number" : "391670223",
    "type" : "ALTTAX"
  }, {
    "number" : "364352002",
    "type" : "ALTTAX"
  }, {
    "number" : "611186938",
    "type" : "ALTTAX"
  }, {
    "number" : "330057155",
    "type" : "ALTTAX"
  }, {
    "number" : "592852900",
    "type" : "ALTTAX"
  }, {
    "number" : "203341468",
    "type" : "ALTTAX"
  }, {
    "number" : "222617175",
    "type" : "ALTTAX"
  }, {
    "number" : "060647014",
    "type" : "ALTTAX"
  }, {
    "number" : "454077626",
    "type" : "ALTTAX"
  }, {
    "number" : "010313237",
    "type" : "ALTTAX"
  }, {
    "number" : "060646718",
    "type" : "ALTTAX"
  }, {
    "number" : "060646710",
    "type" : "ALTTAX"
  }, {
    "number" : "391835630",
    "type" : "ALTTAX"
  }, {
    "number" : "391791586",
    "type" : "ALTTAX"
  }, {
    "number" : "351927159",
    "type" : "ALTTAX"
  }, {
    "number" : "351898297",
    "type" : "ALTTAX"
  }, {
    "number" : "351129669",
    "type" : "ALTTAX"
  }, {
    "number" : "350867958",
    "type" : "ALTTAX"
  }, {
    "number" : "341407259",
    "type" : "ALTTAX"
  }, {
    "number" : "341300581",
    "type" : "ALTTAX"
  }, {
    "number" : "317804454",
    "type" : "ALTTAX"
  }, {
    "number" : "310588183",
    "type" : "ALTTAX"
  }, {
    "number" : "205657908",
    "type" : "ALTTAX"
  }, {
    "number" : "200580790",
    "type" : "ALTTAX"
  }, {
    "number" : "201597792",
    "type" : "ALTTAX"
  }, {
    "number" : "540981418",
    "type" : "ALTTAX"
  }, {
    "number" : "202281626",
    "type" : "ALTTAX"
  }, {
    "number" : "060250773",
    "type" : "ALTTAX"
  }, {
    "number" : "061032761",
    "type" : "ALTTAX"
  }, {
    "number" : "800551978",
    "type" : "ALTTAX"
  }, {
    "number" : "200626075",
    "type" : "ALTTAX"
  }, {
    "number" : "061585444",
    "type" : "ALTTAX"
  }, {
    "number" : "880477529",
    "type" : "ALTTAX"
  }, {
    "number" : "841604601",
    "type" : "ALTTAX"
  }, {
    "number" : "840428757",
    "type" : "ALTTAX"
  }, {
    "number" : "999999999",
    "type" : "ALTTAX"
  }, {
    "number" : "943049415",
    "type" : "ALTTAX"
  }, {
    "number" : "003382766",
    "type" : "ALTTAX"
  }, {
    "number" : "002402419",
    "type" : "ALTTAX"
  }, {
    "number" : "001169374",
    "type" : "ALTTAX"
  }, {
    "number" : "952887335",
    "type" : "ALTTAX"
  }, {
    "number" : "391824445",
    "type" : "ALTTAX"
  }, {
    "number" : "541308981",
    "type" : "ALTTAX"
  }, {
    "number" : "626001445",
    "type" : "ALTTAX"
  }, {
    "number" : "461385982",
    "type" : "ALTTAX"
  }, {
    "number" : "611284395",
    "type" : "ALTTAX"
  }, {
    "number" : "310862674",
    "type" : "ALTTAX"
  }, {
    "number" : "311076720",
    "type" : "ALTTAX"
  }, {
    "number" : "310746182",
    "type" : "ALTTAX"
  }, {
    "number" : "581627802",
    "type" : "ALTTAX"
  }, {
    "number" : "540488103",
    "type" : "ALTTAX"
  }, {
    "number" : "223636986",
    "type" : "ALTTAX"
  }, {
    "number" : "453508895",
    "type" : "ALTTAX"
  }, {
    "number" : "591111117",
    "type" : "ALTTAX"
  }, {
    "number" : "540505989",
    "type" : "ALTTAX"
  }, {
    "number" : "270679484",
    "type" : "ALTTAX"
  }, {
    "number" : "041388064",
    "type" : "ALTTAX"
  }, {
    "number" : "010389241",
    "type" : "ALTTAX"
  }, {
    "number" : "611300608",
    "type" : "ALTTAX"
  }, {
    "number" : "610445850",
    "type" : "ALTTAX"
  }, {
    "number" : "351955223",
    "type" : "ALTTAX"
  }, {
    "number" : "752014828",
    "type" : "ALTTAX"
  }, {
    "number" : "520679694",
    "type" : "ALTTAX"
  }, {
    "number" : "175033256",
    "type" : "ALTTAX"
  }, {
    "number" : "582032904",
    "type" : "ALTTAX"
  }, {
    "number" : "870729353",
    "type" : "ALTTAX"
  }, {
    "number" : "311626179",
    "type" : "ALTTAX"
  }, {
    "number" : "621567353",
    "type" : "ALTTAX"
  }, {
    "number" : "620909696",
    "type" : "ALTTAX"
  }, {
    "number" : "621025893",
    "type" : "ALTTAX"
  }, {
    "number" : "621707893",
    "type" : "ALTTAX"
  }, {
    "number" : "621529858",
    "type" : "ALTTAX"
  }, {
    "number" : "610445841",
    "type" : "ALTTAX"
  }, {
    "number" : "351955872",
    "type" : "ALTTAX"
  } ],
  "phoneNumber" : {
    "areaCode" : "101",
    "exchange" : "929",
    "phoneNumber" : "9191",
    "extension" : "191922"
  },
  "faxNumber" : {
    "areaCode" : "828",
    "exchange" : "828",
    "phoneNumber" : "2828"
  },
  "numberOfLicensedPhysicians" : "0",
  "numberOfLicensedClinicians" : "0"
}
