[
  {"name":"details","title":"Details", "id":"details", "sortable": false, "data-sorting":false, "style":{"maxWidth":50}, "data-expanded":"true"},
  {"name":"status","title":"Status", "id":"status", "sortable": false, "data-sorting":false,"style":{"maxWidth":100}},
  {"name":"taxId","title":"Tax ID", "id":"taxId", "sortable": true, "data-sorting":true,"data-type":"number","data-sort-initial":true,"data-direction":"ASC","style":{"maxWidth":80}},
  {"name":"modifiedBy","title":"Modified By" , "id":"modifiedBy", "data-sorting":true,"style":{"maxWidth":450}},
  {"name":"modifiedOn","title":"Modified On","id":"modifiedOn", "data-sorting":true, "data-type":"date","style":{"maxWidth":70},"data-format-string":"MM/DD/YYYY"},
  {"name":"delIcon","title":"Delete", "id":"delIcon", "style":{"maxWidth":1,"align":"right","padding":3}, "data-sorting":false,"sortable": false}
]
