{
  "levelone": [
  {
  "id": "111",
  "value": "123456879",
  "status": "WARNING",
  "statusdescription": "One or more NPIs not related to the Tax ID",
  "modifiedby": "Joshi, Shweta",
  "modifiedon": "01/05/2016",
  "recipients": [],
  "leveltwo": [
    {
    "id": "221",
    "value": "123454579",
    "status": "WARNING",
    "statusdescription": "One or more NPIs not related to the Tax ID",
    "modifiedby": "XYZ",
    "modifiedon": "03/08/2017",
    "recipients": [],
    "levelthree": [
    {
    "id": "331",
    "value": "123454580",
    "status": "ONHOLD",
    "statusdescription": "Tax ID not found in Organization",
    "modifiedby": "XYZ",
    "modifiedon": "03/08/2017",
    "recipients": [
    {
    "id": "101",
    "name": "ABC",
    "userid": "avabcuser",
    "akaname": "akaABC",
    "email": "abc@anthem.com",
    "mobileno": "1234567890",
    "status": "OK",
    "statusdescription": "OK"
    }
  ]
  }, {
  "id": "332",
  "value": "123454581",
  "status": "OK",
  "statusdescription": "OK",
  "modifiedby": "XYZ",
  "modifiedon": "03/08/2017",
  "recipients": [
  {
  "id": "102",
  "name": "XYZ",
  "userid": "avXYZuser",
  "akaname": "akaXYZ",
  "email": "xyz@anthem.com",
  "mobileno": "1234567890",
  "status": "ONHOLD",
  "statusdescription": "Email has changed"
  }
  ]
  }
  ]
  }, {
  "id": "222",
  "value": "123454580",
  "status": "ONHOLD",
  "statusdescription": "Tax ID not found in Organization",
  "modifiedby": "XYZ",
  "modifiedon": "03/08/2017",
  "recipients": [],
  "levelthree": [
  {
  "id": "333",
  "value": "123454588",
  "status": "ONHOLD",
  "statusdescription": "Tax ID not found in Organization",
  "modifiedby": "XYZ",
  "modifiedon": "03/08/2017",
  "recipients": [
  {
  "id": "101",
  "name": "ABC",
  "userid": "avabcuser",
  "akaname": "akaABC",
  "email": "abc@anthem.com",
  "mobileno": "1234567890",
  "status": "OK",
  "statusdescription": "OK"
  }
  ]
  }, {
  "id": "334",
  "value": "123454589",
  "status": "OK",
  "statusdescription": "OK",
  "modifiedby": "XYZ",
  "modifiedon": "03/08/2017",
  "recipients": [
  {
  "id": "102",
  "name": "XYZ",
  "userid": "avXYZuser",
  "akaname": "akaXYZ",
  "email": "xyz@anthem.com",
  "mobileno": "1234567890",
  "status": "ONHOLD",
  "statusdescription": "Email has changed"
  }
  ]
  }
  ]
  }
  ]
  }, {
  "id": "112",
  "value": "123456880",
  "status": "OK",
  "statusdescription": "OK",
  "modifiedby": "ABC",
  "modifiedon": "01/05/2016",
  "recipients": [],
  "leveltwo": []
  },
  {
      "id": "112",
      "value": "123456890",
      "status": "OK",
      "statusdescription": "OK",
      "modifiedby": "ABC",
      "modifiedon": "01/05/2016",
      "recipients": [],
      "leveltwo": []
    }
]
}
